{
  "hash": "1af5637f",
  "configHash": "21dceea5",
  "lockfileHash": "66fe62a6",
  "browserHash": "850af860",
  "optimized": {
    "@angular/common": {
      "src": "../../../../../../node_modules/@angular/common/fesm2022/common.mjs",
      "file": "@angular_common.js",
      "fileHash": "d3d3722b",
      "needsInterop": false
    },
    "@angular/common/http": {
      "src": "../../../../../../node_modules/@angular/common/fesm2022/http.mjs",
      "file": "@angular_common_http.js",
      "fileHash": "128cad68",
      "needsInterop": false
    },
    "@angular/core": {
      "src": "../../../../../../node_modules/@angular/core/fesm2022/core.mjs",
      "file": "@angular_core.js",
      "fileHash": "2e332439",
      "needsInterop": false
    },
    "@angular/forms": {
      "src": "../../../../../../node_modules/@angular/forms/fesm2022/forms.mjs",
      "file": "@angular_forms.js",
      "fileHash": "6e178d0e",
      "needsInterop": false
    },
    "@angular/platform-browser": {
      "src": "../../../../../../node_modules/@angular/platform-browser/fesm2022/platform-browser.mjs",
      "file": "@angular_platform-browser.js",
      "fileHash": "58bb45e9",
      "needsInterop": false
    },
    "@angular/platform-browser/animations/async": {
      "src": "../../../../../../node_modules/@angular/platform-browser/fesm2022/animations/async.mjs",
      "file": "@angular_platform-browser_animations_async.js",
      "fileHash": "913d84ed",
      "needsInterop": false
    },
    "@angular/router": {
      "src": "../../../../../../node_modules/@angular/router/fesm2022/router.mjs",
      "file": "@angular_router.js",
      "fileHash": "4222c6d7",
      "needsInterop": false
    },
    "@fortawesome/angular-fontawesome": {
      "src": "../../../../../../node_modules/@fortawesome/angular-fontawesome/fesm2022/angular-fontawesome.mjs",
      "file": "@fortawesome_angular-fontawesome.js",
      "fileHash": "952bda0a",
      "needsInterop": false
    },
    "@fortawesome/free-solid-svg-icons": {
      "src": "../../../../../../node_modules/@fortawesome/free-solid-svg-icons/index.mjs",
      "file": "@fortawesome_free-solid-svg-icons.js",
      "fileHash": "fb29cd20",
      "needsInterop": false
    },
    "@primeng/themes/aura": {
      "src": "../../../../../../node_modules/@primeng/themes/aura/index.mjs",
      "file": "@primeng_themes_aura.js",
      "fileHash": "b10a4789",
      "needsInterop": false
    },
    "angular-oauth2-oidc": {
      "src": "../../../../../../node_modules/angular-oauth2-oidc/fesm2022/angular-oauth2-oidc.mjs",
      "file": "angular-oauth2-oidc.js",
      "fileHash": "880961a2",
      "needsInterop": false
    },
    "primeng/config": {
      "src": "../../../../../../node_modules/primeng/fesm2022/primeng-config.mjs",
      "file": "primeng_config.js",
      "fileHash": "c9202c35",
      "needsInterop": false
    },
    "primeng/dropdown": {
      "src": "../../../../../../node_modules/primeng/fesm2022/primeng-dropdown.mjs",
      "file": "primeng_dropdown.js",
      "fileHash": "4680a256",
      "needsInterop": false
    },
    "primeng/menubar": {
      "src": "../../../../../../node_modules/primeng/fesm2022/primeng-menubar.mjs",
      "file": "primeng_menubar.js",
      "fileHash": "fcf3bd83",
      "needsInterop": false
    },
    "primeng/table": {
      "src": "../../../../../../node_modules/primeng/fesm2022/primeng-table.mjs",
      "file": "primeng_table.js",
      "fileHash": "36c77f06",
      "needsInterop": false
    },
    "rxjs": {
      "src": "../../../../../../node_modules/rxjs/dist/esm5/index.js",
      "file": "rxjs.js",
      "fileHash": "3829cfe4",
      "needsInterop": false
    },
    "rxjs/operators": {
      "src": "../../../../../../node_modules/rxjs/dist/esm5/operators/index.js",
      "file": "rxjs_operators.js",
      "fileHash": "1e8f79d4",
      "needsInterop": false
    },
    "socket.io-client": {
      "src": "../../../../../../node_modules/socket.io-client/build/esm/index.js",
      "file": "socket__io-client.js",
      "fileHash": "962c66b8",
      "needsInterop": false
    },
    "uuid": {
      "src": "../../../../../../node_modules/uuid/dist/esm-browser/index.js",
      "file": "uuid.js",
      "fileHash": "c580bc93",
      "needsInterop": false
    }
  },
  "chunks": {
    "browser-TZ7XGAHN": {
      "file": "browser-TZ7XGAHN.js"
    },
    "chunk-D4AWXJ2X": {
      "file": "chunk-D4AWXJ2X.js"
    },
    "chunk-BOPF2XHO": {
      "file": "chunk-BOPF2XHO.js"
    },
    "chunk-WX5IMLZ5": {
      "file": "chunk-WX5IMLZ5.js"
    },
    "chunk-BCYZCCTR": {
      "file": "chunk-BCYZCCTR.js"
    },
    "chunk-WVRHLBSO": {
      "file": "chunk-WVRHLBSO.js"
    },
    "chunk-UNTAQTY2": {
      "file": "chunk-UNTAQTY2.js"
    },
    "chunk-RB6VA6X4": {
      "file": "chunk-RB6VA6X4.js"
    },
    "chunk-G44SCXOL": {
      "file": "chunk-G44SCXOL.js"
    },
    "chunk-J2ICCFEC": {
      "file": "chunk-J2ICCFEC.js"
    },
    "chunk-E7XCDUZJ": {
      "file": "chunk-E7XCDUZJ.js"
    },
    "chunk-QLQIL7MY": {
      "file": "chunk-QLQIL7MY.js"
    },
    "chunk-5OPE3T2R": {
      "file": "chunk-5OPE3T2R.js"
    },
    "chunk-4N4GOYJH": {
      "file": "chunk-4N4GOYJH.js"
    },
    "chunk-FHTVLBLO": {
      "file": "chunk-FHTVLBLO.js"
    },
    "chunk-XWLXMCJQ": {
      "file": "chunk-XWLXMCJQ.js"
    }
  }
}